links,tags
https://www.youtube.com/watch?v=jxYNLCYTwZQ,Wet
https://www.youtube.com/watch?v=qfpJg179YNk,Wet
https://www.youtube.com/watch?v=d2wkdrScerU,Wet
https://www.youtube.com/watch?v=ct3tHDfNKiQ,Wet
https://www.youtube.com/watch?v=Dc_aoUCqw2E,Wet
https://www.youtube.com/watch?v=0QQxKN-KC1U,Wet
https://www.youtube.com/watch?v=De4HdyocTHY,Wet
https://www.youtube.com/watch?v=DYfjPnty2Ho,Wet
https://www.youtube.com/watch?v=q6WsoL3J8U8,Wet
https://www.youtube.com/watch?v=CTSLdNxN1cc,Wet
https://www.youtube.com/watch?v=tfc5cXiXMDc,Wet
https://www.youtube.com/watch?v=rkF_uMizqoc,Wet
https://www.youtube.com/watch?v=5905FxXz9dI,Wet
https://www.youtube.com/watch?v=IzPMbIll3LE,Wet
https://www.youtube.com/watch?v=h2FLCKMcEX0,Wet
https://www.youtube.com/watch?v=2Mw-s5jnqXU,Wet
https://www.youtube.com/watch?v=diuuEXKzNB8,Wet
https://www.youtube.com/watch?v=dg-I9j76-t8,Wet
https://www.youtube.com/watch?v=TK4CveeCWfY,Wet
https://www.youtube.com/watch?v=4k0ziD0j5BI,Wet
https://www.youtube.com/watch?v=CsDXlt7Ei1c,Dry
https://www.youtube.com/watch?v=7Ez5Wc_esBg,Dry
https://www.youtube.com/watch?v=NfKZNt25L-Q,Dry
https://www.youtube.com/watch?v=NaOVmYoIjbs,Dry
https://www.youtube.com/watch?v=XrpB4DTNQZw,Dry
https://www.youtube.com/watch?v=h-GtQfDCoaE,Dry
https://www.youtube.com/watch?v=u2KMBD5-oCg,Dry
https://www.youtube.com/watch?v=A5s2ZgwQ1VM,Dry
https://www.youtube.com/watch?v=ekqLlw-Xe68,Dry
https://www.youtube.com/watch?v=6LK6yHtIu,Dry
https://www.youtube.com/watch?v=tZtJaS2ZtME,Dry
https://www.youtube.com/watch?v=AQOeIVbhFm4,Dry
https://www.youtube.com/watch?v=zjd4HrJbc8o,Dry
https://www.youtube.com/watch?v=iYxUHA-Pwsk,Dry
https://www.youtube.com/watch?v=1UDFq2InljM,Dry
https://www.youtube.com/watch?v=LkxvBb2VXbs,Dry
